"Nom","Alias","Code-barres","Date de réception","Pool","Clé(s) de multiplexage","Technologie","Type de librairie","Adaptateur","Adaptateur Read 1","Adaptateur Read 2","Adaptateur Jonction","Statut","Taille de la librairie","Volume (ul)","Concentration QC (nM)","Concentration par qPCR","Concentration par bioanalyse","Concentration par fluorescence","État de révision","Date QC","Commentaire QC","Opérations complétées","Opérations en cours","Nombre d'unité de séquençage","Nombre de bases","Nombre de lectures NovaSeq","Soumission Biopuce","Soumission MPS","Soumission Bioinformatique","Soumission Validation"
"Brest_2018_10","Brest_2018_10","Shotgun_PCRFree215-D05","","","IDT_i7_137-IDT_i5_137","Illumina","Shotgun (PCR free)","IDT dual-index","AGATCGGAAGAGCACACGTCTGAACTCCAGTCAC","AGATCGGAAGAGCGTCGTGTAGGGAAAGAGTGT","","5- Opération complétée","450","22","20,74","6,16 ng/ul","8,88 ng/ul","","Approuvé","16/01/2020","","1258","","0,035","26 261 654 240","86 959 120","","SCI027647; SCI027646","",""
"Brest_2018_2","Brest_2018_2","Shotgun_PCRFree215-A05","","","IDT_i7_101-IDT_i5_101","Illumina","Shotgun (PCR free)","IDT dual-index","AGATCGGAAGAGCACACGTCTGAACTCCAGTCAC","AGATCGGAAGAGCGTCGTGTAGGGAAAGAGTGT","","5- Opération complétée","450","21","18,65","5,54 ng/ul","9,63 ng/ul","","Approuvé","16/01/2020","","1258","","0,035","20 506 078 746","67 900 923","","SCI027647; SCI027646","",""
"Brest_2018_4","Brest_2018_4","Shotgun_PCRFree215-B05","","","IDT_i7_113-IDT_i5_113","Illumina","Shotgun (PCR free)","IDT dual-index","AGATCGGAAGAGCACACGTCTGAACTCCAGTCAC","AGATCGGAAGAGCGTCGTGTAGGGAAAGAGTGT","","5- Opération complétée","450","22","25,18","7,48 ng/ul","10,96 ng/ul","","Approuvé","16/01/2020","","1258","","0,035","27 505 202 056","91 076 828","","SCI027647; SCI027646","",""
"Brest_2018_6","Brest_2018_6","Shotgun_PCRFree215-H06","","","IDT_i7_186-IDT_i5_186","Illumina","Shotgun (PCR free)","IDT dual-index","AGATCGGAAGAGCACACGTCTGAACTCCAGTCAC","AGATCGGAAGAGCGTCGTGTAGGGAAAGAGTGT","","5- Opération complétée","450","22","29,29","8,70 ng/ul","17,92 ng/ul","","Approuvé","16/01/2020","","1258","","0,034","19 216 767 058","63 631 679","","SCI027647; SCI027646","",""
"Brest_2018_9","Brest_2018_9","Shotgun_PCRFree215-C05","","","IDT_i7_125-IDT_i5_125","Illumina","Shotgun (PCR free)","IDT dual-index","AGATCGGAAGAGCACACGTCTGAACTCCAGTCAC","AGATCGGAAGAGCGTCGTGTAGGGAAAGAGTGT","","5- Opération complétée","450","22","21,35","6,34 ng/ul","12,40 ng/ul","","Approuvé","16/01/2020","","1258","","0,035","16 552 073 682","54 808 191","","SCI027647; SCI027646","",""
"Brest_2018_Pool","Brest_2018_Pool","Shotgun_385-B06","","","IDT_i7_113-IDT_i5_113","Illumina","Shotgun","IDT dual-index","AGATCGGAAGAGCACACGTCTGAACTCCAGTCAC","AGATCGGAAGAGCGTCGTGTAGGGAAAGAGTGT","","5- Opération complétée","474","22","65,11","20,37 ng/ul","13,79 ng/ul","","Approuvé","22/01/2020","","1258","","0,035","25 160 330 002","83 312 351","","SCI027647; SCI027646","",""
"LT_2018_1","LT_2018_1","Shotgun_PCRFree215-C04","","","IDT_i7_124-IDT_i5_124","Illumina","Shotgun (PCR free)","IDT dual-index","AGATCGGAAGAGCACACGTCTGAACTCCAGTCAC","AGATCGGAAGAGCGTCGTGTAGGGAAAGAGTGT","","5- Opération complétée","450","22","27,24","8,09 ng/ul","16,86 ng/ul","","Approuvé","16/01/2020","","1258","","0,035","21 587 483 366","71 481 733","","SCI027647; SCI027646","",""
"LT_2018_10","LT_2018_10","Shotgun_PCRFree215-H04","","","IDT_i7_184-IDT_i5_184","Illumina","Shotgun (PCR free)","IDT dual-index","AGATCGGAAGAGCACACGTCTGAACTCCAGTCAC","AGATCGGAAGAGCGTCGTGTAGGGAAAGAGTGT","","5- Opération complétée","450","22","46,03","13,67 ng/ul","21,06 ng/ul","","Approuvé","16/01/2020","","1258","","0,035","19 566 184 682","64 788 691","","SCI027647; SCI027646","",""
"LT_2018_3","LT_2018_3","Shotgun_PCRFree215-A07","","","IDT_i7_103-IDT_i5_103","Illumina","Shotgun (PCR free)","IDT dual-index","AGATCGGAAGAGCACACGTCTGAACTCCAGTCAC","AGATCGGAAGAGCGTCGTGTAGGGAAAGAGTGT","","5- Opération complétée","450","21","17,44","5,18 ng/ul","9,43 ng/ul","","Approuvé","16/01/2020","","1258","","0,034","17 796 698 128","58 929 464","","SCI027647; SCI027646","",""
"LT_2018_4","LT_2018_4","Shotgun_PCRFree215-D04","","","IDT_i7_136-IDT_i5_136","Illumina","Shotgun (PCR free)","IDT dual-index","AGATCGGAAGAGCACACGTCTGAACTCCAGTCAC","AGATCGGAAGAGCGTCGTGTAGGGAAAGAGTGT","","5- Opération complétée","450","22","22,05","6,55 ng/ul","11,06 ng/ul","","Approuvé","16/01/2020","","1258","","0,035","22 910 307 994","75 861 947","","SCI027647; SCI027646","",""
"LT_2018_7","LT_2018_7","Shotgun_PCRFree215-E04","","","IDT_i7_148-IDT_i5_148","Illumina","Shotgun (PCR free)","IDT dual-index","AGATCGGAAGAGCACACGTCTGAACTCCAGTCAC","AGATCGGAAGAGCGTCGTGTAGGGAAAGAGTGT","","5- Opération complétée","450","21","36,53","10,85 ng/ul","16,32 ng/ul","","Approuvé","16/01/2020","","1258","","0,035","18 859 252 210","62 447 855","","SCI027647; SCI027646","",""
"LT_2018_8","LT_2018_8","Shotgun_PCRFree215-F04","","","IDT_i7_160-IDT_i5_160","Illumina","Shotgun (PCR free)","IDT dual-index","AGATCGGAAGAGCACACGTCTGAACTCCAGTCAC","AGATCGGAAGAGCGTCGTGTAGGGAAAGAGTGT","","5- Opération complétée","450","22","25,59","7,60 ng/ul","11,39 ng/ul","","Approuvé","16/01/2020","","1258","","0,035","21 764 095 986","72 066 543","","SCI027647; SCI027646","",""
"LT_2018_9","LT_2018_9","Shotgun_PCRFree215-G04","","","IDT_i7_172-IDT_i5_172","Illumina","Shotgun (PCR free)","IDT dual-index","AGATCGGAAGAGCACACGTCTGAACTCCAGTCAC","AGATCGGAAGAGCGTCGTGTAGGGAAAGAGTGT","","5- Opération complétée","450","22","21,01","6,24 ng/ul","9,57 ng/ul","","Approuvé","16/01/2020","","1258","","0,035","22 715 156 500","75 215 750","","SCI027647; SCI027646","",""
"LT_2018_Pool","LT_2018_Pool","Shotgun_385-A06","","","IDT_i7_101-IDT_i5_101","Illumina","Shotgun","IDT dual-index","AGATCGGAAGAGCACACGTCTGAACTCCAGTCAC","AGATCGGAAGAGCGTCGTGTAGGGAAAGAGTGT","","5- Opération complétée","457","22","86,77","26,17 ng/ul","17,35 ng/ul","","Approuvé","22/01/2020","","1258","","0,035","35 109 922 342","116 258 021","","SCI027647; SCI027646","",""
"LT_2018_Pool","LT_2018_Pool","Shotgun_PCRFree215-F06","","","IDT_i7_162-IDT_i5_162","Illumina","Shotgun (PCR free)","IDT dual-index","AGATCGGAAGAGCACACGTCTGAACTCCAGTCAC","AGATCGGAAGAGCGTCGTGTAGGGAAAGAGTGT","","5- Opération complétée","450","16","4,71","1,40 ng/ul","3,83 ng/ul","","Approuvé","16/01/2020","","1258","","0,035","88 252 523 196","292 226 898","","SCI027647; SCI027646","",""
"Thau_2016_F15-ind1","Thau_2016_F15-ind1","Shotgun_385-G05","","","IDT_i7_172-IDT_i5_172","Illumina","Shotgun","IDT dual-index","AGATCGGAAGAGCACACGTCTGAACTCCAGTCAC","AGATCGGAAGAGCGTCGTGTAGGGAAAGAGTGT","","5- Opération complétée","397","21","17,63","4,62 ng/ul","3,37 ng/ul","","Approuvé","22/01/2020","","1258","","0,035","22 579 153 820","74 765 410","","SCI027647; SCI027646","",""
"Thau_2016_F15-ind2","Thau_2016_F15-ind2","Shotgun_385-H05","","","IDT_i7_184-IDT_i5_184","Illumina","Shotgun","IDT dual-index","AGATCGGAAGAGCACACGTCTGAACTCCAGTCAC","AGATCGGAAGAGCGTCGTGTAGGGAAAGAGTGT","","5- Opération complétée","413","22","23,81","6,49 ng/ul","4,38 ng/ul","","Approuvé","22/01/2020","","1258","","0,035","22 308 522 862","73 869 281","","SCI027647; SCI027646","",""
"Thau_2016_F15-ind4","Thau_2016_F15-ind4","Shotgun_385-D06","","","IDT_i7_137-IDT_i5_137","Illumina","Shotgun","IDT dual-index","AGATCGGAAGAGCACACGTCTGAACTCCAGTCAC","AGATCGGAAGAGCGTCGTGTAGGGAAAGAGTGT","","5- Opération complétée","432","22","64,43","18,37 ng/ul","11,22 ng/ul","","Approuvé","22/01/2020","","1258","","0,035","23 831 683 720","78 912 860","","SCI027647; SCI027646","",""
"Thau_2016_Pool-F15","Thau_2016_Pool-F15","Shotgun_387-A01","","","IDT_i7_1-IDT_i5_1","Illumina","Shotgun","IDT dual-index","AGATCGGAAGAGCACACGTCTGAACTCCAGTCAC","AGATCGGAAGAGCGTCGTGTAGGGAAAGAGTGT","","5- Opération complétée","382","22","70,24","17,71 ng/ul","10,35 ng/ul","","Approuvé","22/01/2020","","1258","","0,034","26 578 178 930","88 007 215","","SCI027647; SCI027646","",""
"Thau_2016_Pool-F15","Thau_2016_Pool-F15","Shotgun_PCRFree215-E06","","","IDT_i7_150-IDT_i5_150","Illumina","Shotgun (PCR free)","IDT dual-index","AGATCGGAAGAGCACACGTCTGAACTCCAGTCAC","AGATCGGAAGAGCGTCGTGTAGGGAAAGAGTGT","","5- Opération complétée","450","12","3,23","0,96 ng/ul","1,87 ng/ul","","Approuvé","16/01/2020","","1258","","0,035","91 971 395 288","304 541 044","","SCI027647; SCI027646","",""
"Thau_2018_1","Thau_2018_1","Shotgun_PCRFree215-E05","","","IDT_i7_149-IDT_i5_149","Illumina","Shotgun (PCR free)","IDT dual-index","AGATCGGAAGAGCACACGTCTGAACTCCAGTCAC","AGATCGGAAGAGCGTCGTGTAGGGAAAGAGTGT","","5- Opération complétée","450","21","30,61","9,09 ng/ul","14,04 ng/ul","","Approuvé","16/01/2020","","1258","","0,035","18 371 491 406","60 832 753","","SCI027647; SCI027646","",""
"Thau_2018_10","Thau_2018_10","Shotgun_PCRFree215-D06","","","IDT_i7_138-IDT_i5_138","Illumina","Shotgun (PCR free)","IDT dual-index","AGATCGGAAGAGCACACGTCTGAACTCCAGTCAC","AGATCGGAAGAGCGTCGTGTAGGGAAAGAGTGT","","5- Opération complétée","450","21","17,58","5,22 ng/ul","7,23 ng/ul","","Approuvé","16/01/2020","","1258","","0,035","18 707 161 084","61 944 242","","SCI027647; SCI027646","",""
"Thau_2018_3","Thau_2018_3","Shotgun_PCRFree215-F05","","","IDT_i7_161-IDT_i5_161","Illumina","Shotgun (PCR free)","IDT dual-index","AGATCGGAAGAGCACACGTCTGAACTCCAGTCAC","AGATCGGAAGAGCGTCGTGTAGGGAAAGAGTGT","","5- Opération complétée","450","22","28,18","8,37 ng/ul","18,06 ng/ul","","Approuvé","16/01/2020","","1258","","0,035","23 194 573 648","76 803 224","","SCI027647; SCI027646","",""
"Thau_2018_4","Thau_2018_4","Shotgun_PCRFree215-G05","","","IDT_i7_173-IDT_i5_173","Illumina","Shotgun (PCR free)","IDT dual-index","AGATCGGAAGAGCACACGTCTGAACTCCAGTCAC","AGATCGGAAGAGCGTCGTGTAGGGAAAGAGTGT","","5- Opération complétée","450","22","27,44","8,15 ng/ul","13,96 ng/ul","","Approuvé","16/01/2020","","1258","","0,035","22 881 230 528","75 765 664","","SCI027647; SCI027646","",""
"Thau_2018_5","Thau_2018_5","Shotgun_PCRFree215-G06","","","IDT_i7_174-IDT_i5_174","Illumina","Shotgun (PCR free)","IDT dual-index","AGATCGGAAGAGCACACGTCTGAACTCCAGTCAC","AGATCGGAAGAGCGTCGTGTAGGGAAAGAGTGT","","5- Opération complétée","450","22","22,29","6,62 ng/ul","10,06 ng/ul","","Approuvé","16/01/2020","","1258","","0,034","19 170 480 424","63 478 412","","SCI027647; SCI027646","",""
"Thau_2018_6","Thau_2018_6","Shotgun_PCRFree215-H05","","","IDT_i7_185-IDT_i5_185","Illumina","Shotgun (PCR free)","IDT dual-index","AGATCGGAAGAGCACACGTCTGAACTCCAGTCAC","AGATCGGAAGAGCGTCGTGTAGGGAAAGAGTGT","","5- Opération complétée","450","21","37,74","11,21 ng/ul","18,49 ng/ul","","Approuvé","16/01/2020","","1258","","0,035","16 262 363 270","53 848 885","","SCI027647; SCI027646","",""
"Thau_2018_7","Thau_2018_7","Shotgun_PCRFree215-A06","","","IDT_i7_102-IDT_i5_102","Illumina","Shotgun (PCR free)","IDT dual-index","AGATCGGAAGAGCACACGTCTGAACTCCAGTCAC","AGATCGGAAGAGCGTCGTGTAGGGAAAGAGTGT","","5- Opération complétée","450","21","34,11","10,13 ng/ul","15,32 ng/ul","","Approuvé","16/01/2020","","1258","","0,035","20 301 128 560","67 222 280","","SCI027647; SCI027646","",""
"Thau_2018_8","Thau_2018_8","Shotgun_PCRFree215-B06","","","IDT_i7_114-IDT_i5_114","Illumina","Shotgun (PCR free)","IDT dual-index","AGATCGGAAGAGCACACGTCTGAACTCCAGTCAC","AGATCGGAAGAGCGTCGTGTAGGGAAAGAGTGT","","5- Opération complétée","450","21","17,61","5,23 ng/ul","9,57 ng/ul","","Approuvé","16/01/2020","","1258","","0,035","22 223 492 346","73 587 723","","SCI027647; SCI027646","",""
"Thau_2018_9","Thau_2018_9","Shotgun_PCRFree215-C06","","","IDT_i7_126-IDT_i5_126","Illumina","Shotgun (PCR free)","IDT dual-index","AGATCGGAAGAGCACACGTCTGAACTCCAGTCAC","AGATCGGAAGAGCGTCGTGTAGGGAAAGAGTGT","","5- Opération complétée","450","22","24,18","7,18 ng/ul","12,68 ng/ul","","Approuvé","16/01/2020","","1258","","0,035","18 034 649 666","59 717 383","","SCI027647; SCI027646","",""
"Thau_2018_Pool","Thau_2018_Pool","Shotgun_385-C06","","","IDT_i7_125-IDT_i5_125","Illumina","Shotgun","IDT dual-index","AGATCGGAAGAGCACACGTCTGAACTCCAGTCAC","AGATCGGAAGAGCGTCGTGTAGGGAAAGAGTGT","","5- Opération complétée","416","22","43,12","11,84 ng/ul","6,96 ng/ul","","Approuvé","22/01/2020","","1258","","0,035","21 314 295 676","70 577 138","","SCI027647; SCI027646","",""
