"Nom","Nom de librairie","Alias","Amorce sens","Séquence de l'amorce sens","Amorce antisens","Séquence de l'amorce antisens","Code barre","Code barre de la librairie","Type d'opération","Soumission Biopuce","Soumission MPS","Soumission Bioinformatique","Soumission Validation","Source de la librairie ","Type de la librairie ","Type de séquençage","Concentration de l'opération (pM)","Clé(s) de multiplexage","Adaptateur","Adaptateur Read 1 (NOTE: Usage restreint par le Disclaimer Illumina visible dans la page Projet de Nanuq)","Adaptateur Read 2 (NOTE: Usage restreint par le Disclaimer Illumina visible dans la page Projet de Nanuq)","Adaptateur Junction (NOTE: Usage restreint par le Disclaimer Illumina visible dans la page Projet de Nanuq)","Opération","Décalage de la qualité","Région","Région total","Base de donnée génomique","Fichiers BED","Date début opération","Identifiant de lecture","État","Date de validation","Nombre de lectures","Nombre de bases","Nombre de cycles","Qualité moyenne","% Duplicata","Préfixe du fichier","Projet","ProcessingSheetId","Groupe d'échantillon","Type de fichier de données","Répertoire copie FASTQ"
"Thau_2016_F15-ind2","Thau_2016_F15-ind2","Thau_2016_F15-ind2","","","","","MPS12344885-H05","MPS12344885-H05","PAIRED_END","","SCI027647; SCI027646","","","gDNA","Shotgun","Illumina NovaSeq 6000 S4 PE150","225","IDT_i7_184-IDT_i5_184","IDT dual-index","AGATCGGAAGAGCACACGTCTGAACTCCAGTCAC","AGATCGGAAGAGCGTCGTGTAGGGAAAGAGTGT","","1258","33","3","4","","","2020-01-24","NS.1258.003.IDT_i7_184---IDT_i5_184.Thau_2016_F15-ind2","Données valides","2020-02-04","73 869 281","22 308 522 862","318","35","24,625","NS.1258.003.IDT_i7_184---IDT_i5_184.Thau_2016_F15-ind2","HaploFit","Thau2016F15-ind2_MPS12344885_H05","","FASTQ",""
"Thau_2016_F15-ind1","Thau_2016_F15-ind1","Thau_2016_F15-ind1","","","","","MPS12344885-G05","MPS12344885-G05","PAIRED_END","","SCI027647; SCI027646","","","gDNA","Shotgun","Illumina NovaSeq 6000 S4 PE150","225","IDT_i7_172-IDT_i5_172","IDT dual-index","AGATCGGAAGAGCACACGTCTGAACTCCAGTCAC","AGATCGGAAGAGCGTCGTGTAGGGAAAGAGTGT","","1258","33","3","4","","","2020-01-24","NS.1258.003.IDT_i7_172---IDT_i5_172.Thau_2016_F15-ind1","Données valides","2020-02-04","74 765 410","22 579 153 820","318","36","25,972","NS.1258.003.IDT_i7_172---IDT_i5_172.Thau_2016_F15-ind1","HaploFit","Thau2016F15-ind1_MPS12344885_G05","","FASTQ",""
"Thau_2016_Pool-F15","Thau_2016_Pool-F15","Thau_2016_Pool-F15","","","","","MPS12344889-A01","MPS12344889-A01","PAIRED_END","","SCI027647; SCI027646","","","gDNA","Shotgun","Illumina NovaSeq 6000 S4 PE150","225","IDT_i7_1-IDT_i5_1","IDT dual-index","AGATCGGAAGAGCACACGTCTGAACTCCAGTCAC","AGATCGGAAGAGCGTCGTGTAGGGAAAGAGTGT","","1258","33","3","4","","","2020-01-24","NS.1258.003.IDT_i7_1---IDT_i5_1.Thau_2016_Pool-F15","Données valides","2020-02-04","88 007 215","26 578 178 930","318","36","32,015","NS.1258.003.IDT_i7_1---IDT_i5_1.Thau_2016_Pool-F15","HaploFit","Thau2016Pool-F15_MPS12344889_A01","","FASTQ",""
"Brest_2018_Pool","Brest_2018_Pool","Brest_2018_Pool","","","","","MPS12344885-B06","MPS12344885-B06","PAIRED_END","","SCI027647; SCI027646","","","gDNA","Shotgun","Illumina NovaSeq 6000 S4 PE150","225","IDT_i7_113-IDT_i5_113","IDT dual-index","AGATCGGAAGAGCACACGTCTGAACTCCAGTCAC","AGATCGGAAGAGCGTCGTGTAGGGAAAGAGTGT","","1258","33","3","4","","","2020-01-24","NS.1258.003.IDT_i7_113---IDT_i5_113.Brest_2018_Pool","Données valides","2020-02-04","83 312 351","25 160 330 002","318","36","21,761","NS.1258.003.IDT_i7_113---IDT_i5_113.Brest_2018_Pool","HaploFit","Brest2018Pool_MPS12344885_B06","","FASTQ",""
"LT_2018_Pool","LT_2018_Pool","LT_2018_Pool","","","","","MPS12344885-A06","MPS12344885-A06","PAIRED_END","","SCI027647; SCI027646","","","gDNA","Shotgun","Illumina NovaSeq 6000 S4 PE150","225","IDT_i7_101-IDT_i5_101","IDT dual-index","AGATCGGAAGAGCACACGTCTGAACTCCAGTCAC","AGATCGGAAGAGCGTCGTGTAGGGAAAGAGTGT","","1258","33","3","4","","","2020-01-24","NS.1258.003.IDT_i7_101---IDT_i5_101.LT_2018_Pool","Données valides","2020-02-04","116 258 021","35 109 922 342","318","36","23,331","NS.1258.003.IDT_i7_101---IDT_i5_101.LT_2018_Pool","HaploFit","LT2018Pool_MPS12344885_A06","","FASTQ",""
"Thau_2016_F15-ind4","Thau_2016_F15-ind4","Thau_2016_F15-ind4","","","","","MPS12344885-D06","MPS12344885-D06","PAIRED_END","","SCI027647; SCI027646","","","gDNA","Shotgun","Illumina NovaSeq 6000 S4 PE150","225","IDT_i7_137-IDT_i5_137","IDT dual-index","AGATCGGAAGAGCACACGTCTGAACTCCAGTCAC","AGATCGGAAGAGCGTCGTGTAGGGAAAGAGTGT","","1258","33","3","4","","","2020-01-24","NS.1258.003.IDT_i7_137---IDT_i5_137.Thau_2016_F15-ind4","Données valides","2020-02-04","78 912 860","23 831 683 720","318","36","21,271","NS.1258.003.IDT_i7_137---IDT_i5_137.Thau_2016_F15-ind4","HaploFit","Thau2016F15-ind4_MPS12344885_D06","","FASTQ",""
"Thau_2018_Pool","Thau_2018_Pool","Thau_2018_Pool","","","","","MPS12344885-C06","MPS12344885-C06","PAIRED_END","","SCI027647; SCI027646","","","gDNA","Shotgun","Illumina NovaSeq 6000 S4 PE150","225","IDT_i7_125-IDT_i5_125","IDT dual-index","AGATCGGAAGAGCACACGTCTGAACTCCAGTCAC","AGATCGGAAGAGCGTCGTGTAGGGAAAGAGTGT","","1258","33","3","4","","","2020-01-24","NS.1258.003.IDT_i7_125---IDT_i5_125.Thau_2018_Pool","Données valides","2020-02-04","70 577 138","21 314 295 676","318","36","38,674","NS.1258.003.IDT_i7_125---IDT_i5_125.Thau_2018_Pool","HaploFit","Thau2018Pool_MPS12344885_C06","","FASTQ",""
"LT_2018_10","LT_2018_10","LT_2018_10","","","","","MPS12344760-H04","MPS12344760-H04","PAIRED_END","","SCI027647; SCI027646","","","gDNA","Shotgun (PCR free)","Illumina NovaSeq 6000 S4 PE150","225","IDT_i7_184-IDT_i5_184","IDT dual-index","AGATCGGAAGAGCACACGTCTGAACTCCAGTCAC","AGATCGGAAGAGCGTCGTGTAGGGAAAGAGTGT","","1258","33","4","4","","","2020-01-24","NS.1258.004.IDT_i7_184---IDT_i5_184.LT_2018_10","Données valides","2020-01-30","64 788 691","19 566 184 682","318","35","4,846","NS.1258.004.IDT_i7_184---IDT_i5_184.LT_2018_10","HaploFit","LT201810_MPS12344760_H04","","FASTQ",""
"LT_2018_9","LT_2018_9","LT_2018_9","","","","","MPS12344760-G04","MPS12344760-G04","PAIRED_END","","SCI027647; SCI027646","","","gDNA","Shotgun (PCR free)","Illumina NovaSeq 6000 S4 PE150","225","IDT_i7_172-IDT_i5_172","IDT dual-index","AGATCGGAAGAGCACACGTCTGAACTCCAGTCAC","AGATCGGAAGAGCGTCGTGTAGGGAAAGAGTGT","","1258","33","4","4","","","2020-01-24","NS.1258.004.IDT_i7_172---IDT_i5_172.LT_2018_9","Données valides","2020-01-30","75 215 750","22 715 156 500","318","35","5,689","NS.1258.004.IDT_i7_172---IDT_i5_172.LT_2018_9","HaploFit","LT20189_MPS12344760_G04","","FASTQ",""
"LT_2018_8","LT_2018_8","LT_2018_8","","","","","MPS12344760-F04","MPS12344760-F04","PAIRED_END","","SCI027647; SCI027646","","","gDNA","Shotgun (PCR free)","Illumina NovaSeq 6000 S4 PE150","225","IDT_i7_160-IDT_i5_160","IDT dual-index","AGATCGGAAGAGCACACGTCTGAACTCCAGTCAC","AGATCGGAAGAGCGTCGTGTAGGGAAAGAGTGT","","1258","33","4","4","","","2020-01-24","NS.1258.004.IDT_i7_160---IDT_i5_160.LT_2018_8","Données valides","2020-01-30","72 066 543","21 764 095 986","318","35","4,665","NS.1258.004.IDT_i7_160---IDT_i5_160.LT_2018_8","HaploFit","LT20188_MPS12344760_F04","","FASTQ",""
"LT_2018_7","LT_2018_7","LT_2018_7","","","","","MPS12344760-E04","MPS12344760-E04","PAIRED_END","","SCI027647; SCI027646","","","gDNA","Shotgun (PCR free)","Illumina NovaSeq 6000 S4 PE150","225","IDT_i7_148-IDT_i5_148","IDT dual-index","AGATCGGAAGAGCACACGTCTGAACTCCAGTCAC","AGATCGGAAGAGCGTCGTGTAGGGAAAGAGTGT","","1258","33","4","4","","","2020-01-24","NS.1258.004.IDT_i7_148---IDT_i5_148.LT_2018_7","Données valides","2020-01-30","62 447 855","18 859 252 210","318","35","4,970","NS.1258.004.IDT_i7_148---IDT_i5_148.LT_2018_7","HaploFit","LT20187_MPS12344760_E04","","FASTQ",""
"LT_2018_4","LT_2018_4","LT_2018_4","","","","","MPS12344760-D04","MPS12344760-D04","PAIRED_END","","SCI027647; SCI027646","","","gDNA","Shotgun (PCR free)","Illumina NovaSeq 6000 S4 PE150","225","IDT_i7_136-IDT_i5_136","IDT dual-index","AGATCGGAAGAGCACACGTCTGAACTCCAGTCAC","AGATCGGAAGAGCGTCGTGTAGGGAAAGAGTGT","","1258","33","4","4","","","2020-01-24","NS.1258.004.IDT_i7_136---IDT_i5_136.LT_2018_4","Données valides","2020-01-30","75 861 947","22 910 307 994","318","35","5,140","NS.1258.004.IDT_i7_136---IDT_i5_136.LT_2018_4","HaploFit","LT20184_MPS12344760_D04","","FASTQ",""
"LT_2018_1","LT_2018_1","LT_2018_1","","","","","MPS12344760-C04","MPS12344760-C04","PAIRED_END","","SCI027647; SCI027646","","","gDNA","Shotgun (PCR free)","Illumina NovaSeq 6000 S4 PE150","225","IDT_i7_124-IDT_i5_124","IDT dual-index","AGATCGGAAGAGCACACGTCTGAACTCCAGTCAC","AGATCGGAAGAGCGTCGTGTAGGGAAAGAGTGT","","1258","33","4","4","","","2020-01-24","NS.1258.004.IDT_i7_124---IDT_i5_124.LT_2018_1","Données valides","2020-01-30","71 481 733","21 587 483 366","318","35","4,680","NS.1258.004.IDT_i7_124---IDT_i5_124.LT_2018_1","HaploFit","LT20181_MPS12344760_C04","","FASTQ",""
"LT_2018_3","LT_2018_3","LT_2018_3","","","","","MPS12344760-A07","MPS12344760-A07","PAIRED_END","","SCI027647; SCI027646","","","gDNA","Shotgun (PCR free)","Illumina NovaSeq 6000 S4 PE150","225","IDT_i7_103-IDT_i5_103","IDT dual-index","AGATCGGAAGAGCACACGTCTGAACTCCAGTCAC","AGATCGGAAGAGCGTCGTGTAGGGAAAGAGTGT","","1258","33","4","4","","","2020-01-24","NS.1258.004.IDT_i7_103---IDT_i5_103.LT_2018_3","Données valides","2020-01-30","58 929 464","17 796 698 128","318","35","4,767","NS.1258.004.IDT_i7_103---IDT_i5_103.LT_2018_3","HaploFit","LT20183_MPS12344760_A07","","FASTQ",""
"Brest_2018_6","Brest_2018_6","Brest_2018_6","","","","","MPS12344760-H06","MPS12344760-H06","PAIRED_END","","SCI027647; SCI027646","","","gDNA","Shotgun (PCR free)","Illumina NovaSeq 6000 S4 PE150","225","IDT_i7_186-IDT_i5_186","IDT dual-index","AGATCGGAAGAGCACACGTCTGAACTCCAGTCAC","AGATCGGAAGAGCGTCGTGTAGGGAAAGAGTGT","","1258","33","4","4","","","2020-01-24","NS.1258.004.IDT_i7_186---IDT_i5_186.Brest_2018_6","Données valides","2020-01-30","63 631 679","19 216 767 058","318","35","4,340","NS.1258.004.IDT_i7_186---IDT_i5_186.Brest_2018_6","HaploFit","Brest20186_MPS12344760_H06","","FASTQ",""
"Thau_2018_5","Thau_2018_5","Thau_2018_5","","","","","MPS12344760-G06","MPS12344760-G06","PAIRED_END","","SCI027647; SCI027646","","","gDNA","Shotgun (PCR free)","Illumina NovaSeq 6000 S4 PE150","225","IDT_i7_174-IDT_i5_174","IDT dual-index","AGATCGGAAGAGCACACGTCTGAACTCCAGTCAC","AGATCGGAAGAGCGTCGTGTAGGGAAAGAGTGT","","1258","33","4","4","","","2020-01-24","NS.1258.004.IDT_i7_174---IDT_i5_174.Thau_2018_5","Données valides","2020-01-30","63 478 412","19 170 480 424","318","35","4,119","NS.1258.004.IDT_i7_174---IDT_i5_174.Thau_2018_5","HaploFit","Thau20185_MPS12344760_G06","","FASTQ",""
"LT_2018_Pool","LT_2018_Pool","LT_2018_Pool","","","","","MPS12344760-F06","MPS12344760-F06","PAIRED_END","","SCI027647; SCI027646","","","gDNA","Shotgun (PCR free)","Illumina NovaSeq 6000 S4 PE150","225","IDT_i7_162-IDT_i5_162","IDT dual-index","AGATCGGAAGAGCACACGTCTGAACTCCAGTCAC","AGATCGGAAGAGCGTCGTGTAGGGAAAGAGTGT","","1258","33","4","4","","","2020-01-24","NS.1258.004.IDT_i7_162---IDT_i5_162.LT_2018_Pool","Données valides","2020-01-30","292 226 898","88 252 523 196","318","35","10,177","NS.1258.004.IDT_i7_162---IDT_i5_162.LT_2018_Pool","HaploFit","LT2018Pool_MPS12344760_F06","","FASTQ",""
"Thau_2016_Pool-F15","Thau_2016_Pool-F15","Thau_2016_Pool-F15","","","","","MPS12344760-E06","MPS12344760-E06","PAIRED_END","","SCI027647; SCI027646","","","gDNA","Shotgun (PCR free)","Illumina NovaSeq 6000 S4 PE150","225","IDT_i7_150-IDT_i5_150","IDT dual-index","AGATCGGAAGAGCACACGTCTGAACTCCAGTCAC","AGATCGGAAGAGCGTCGTGTAGGGAAAGAGTGT","","1258","33","4","4","","","2020-01-24","NS.1258.004.IDT_i7_150---IDT_i5_150.Thau_2016_Pool-F15","Données valides","2020-01-30","304 541 044","91 971 395 288","318","35","27,751","NS.1258.004.IDT_i7_150---IDT_i5_150.Thau_2016_Pool-F15","HaploFit","Thau2016Pool-F15_MPS12344760_E06","","FASTQ",""
"Thau_2018_10","Thau_2018_10","Thau_2018_10","","","","","MPS12344760-D06","MPS12344760-D06","PAIRED_END","","SCI027647; SCI027646","","","gDNA","Shotgun (PCR free)","Illumina NovaSeq 6000 S4 PE150","225","IDT_i7_138-IDT_i5_138","IDT dual-index","AGATCGGAAGAGCACACGTCTGAACTCCAGTCAC","AGATCGGAAGAGCGTCGTGTAGGGAAAGAGTGT","","1258","33","4","4","","","2020-01-24","NS.1258.004.IDT_i7_138---IDT_i5_138.Thau_2018_10","Données valides","2020-01-30","61 944 242","18 707 161 084","318","35","6,083","NS.1258.004.IDT_i7_138---IDT_i5_138.Thau_2018_10","HaploFit","Thau201810_MPS12344760_D06","","FASTQ",""
"Thau_2018_9","Thau_2018_9","Thau_2018_9","","","","","MPS12344760-C06","MPS12344760-C06","PAIRED_END","","SCI027647; SCI027646","","","gDNA","Shotgun (PCR free)","Illumina NovaSeq 6000 S4 PE150","225","IDT_i7_126-IDT_i5_126","IDT dual-index","AGATCGGAAGAGCACACGTCTGAACTCCAGTCAC","AGATCGGAAGAGCGTCGTGTAGGGAAAGAGTGT","","1258","33","4","4","","","2020-01-24","NS.1258.004.IDT_i7_126---IDT_i5_126.Thau_2018_9","Données valides","2020-01-30","59 717 383","18 034 649 666","318","35","4,714","NS.1258.004.IDT_i7_126---IDT_i5_126.Thau_2018_9","HaploFit","Thau20189_MPS12344760_C06","","FASTQ",""
"Thau_2018_8","Thau_2018_8","Thau_2018_8","","","","","MPS12344760-B06","MPS12344760-B06","PAIRED_END","","SCI027647; SCI027646","","","gDNA","Shotgun (PCR free)","Illumina NovaSeq 6000 S4 PE150","225","IDT_i7_114-IDT_i5_114","IDT dual-index","AGATCGGAAGAGCACACGTCTGAACTCCAGTCAC","AGATCGGAAGAGCGTCGTGTAGGGAAAGAGTGT","","1258","33","4","4","","","2020-01-24","NS.1258.004.IDT_i7_114---IDT_i5_114.Thau_2018_8","Données valides","2020-01-30","73 587 723","22 223 492 346","318","35","4,915","NS.1258.004.IDT_i7_114---IDT_i5_114.Thau_2018_8","HaploFit","Thau20188_MPS12344760_B06","","FASTQ",""
"Thau_2018_7","Thau_2018_7","Thau_2018_7","","","","","MPS12344760-A06","MPS12344760-A06","PAIRED_END","","SCI027647; SCI027646","","","gDNA","Shotgun (PCR free)","Illumina NovaSeq 6000 S4 PE150","225","IDT_i7_102-IDT_i5_102","IDT dual-index","AGATCGGAAGAGCACACGTCTGAACTCCAGTCAC","AGATCGGAAGAGCGTCGTGTAGGGAAAGAGTGT","","1258","33","4","4","","","2020-01-24","NS.1258.004.IDT_i7_102---IDT_i5_102.Thau_2018_7","Données valides","2020-01-30","67 222 280","20 301 128 560","318","35","5,511","NS.1258.004.IDT_i7_102---IDT_i5_102.Thau_2018_7","HaploFit","Thau20187_MPS12344760_A06","","FASTQ",""
"Thau_2018_6","Thau_2018_6","Thau_2018_6","","","","","MPS12344760-H05","MPS12344760-H05","PAIRED_END","","SCI027647; SCI027646","","","gDNA","Shotgun (PCR free)","Illumina NovaSeq 6000 S4 PE150","225","IDT_i7_185-IDT_i5_185","IDT dual-index","AGATCGGAAGAGCACACGTCTGAACTCCAGTCAC","AGATCGGAAGAGCGTCGTGTAGGGAAAGAGTGT","","1258","33","4","4","","","2020-01-24","NS.1258.004.IDT_i7_185---IDT_i5_185.Thau_2018_6","Données valides","2020-01-30","53 848 885","16 262 363 270","318","35","4,829","NS.1258.004.IDT_i7_185---IDT_i5_185.Thau_2018_6","HaploFit","Thau20186_MPS12344760_H05","","FASTQ",""
"Thau_2018_4","Thau_2018_4","Thau_2018_4","","","","","MPS12344760-G05","MPS12344760-G05","PAIRED_END","","SCI027647; SCI027646","","","gDNA","Shotgun (PCR free)","Illumina NovaSeq 6000 S4 PE150","225","IDT_i7_173-IDT_i5_173","IDT dual-index","AGATCGGAAGAGCACACGTCTGAACTCCAGTCAC","AGATCGGAAGAGCGTCGTGTAGGGAAAGAGTGT","","1258","33","4","4","","","2020-01-24","NS.1258.004.IDT_i7_173---IDT_i5_173.Thau_2018_4","Données valides","2020-01-30","75 765 664","22 881 230 528","318","35","4,684","NS.1258.004.IDT_i7_173---IDT_i5_173.Thau_2018_4","HaploFit","Thau20184_MPS12344760_G05","","FASTQ",""
"Thau_2018_3","Thau_2018_3","Thau_2018_3","","","","","MPS12344760-F05","MPS12344760-F05","PAIRED_END","","SCI027647; SCI027646","","","gDNA","Shotgun (PCR free)","Illumina NovaSeq 6000 S4 PE150","225","IDT_i7_161-IDT_i5_161","IDT dual-index","AGATCGGAAGAGCACACGTCTGAACTCCAGTCAC","AGATCGGAAGAGCGTCGTGTAGGGAAAGAGTGT","","1258","33","4","4","","","2020-01-24","NS.1258.004.IDT_i7_161---IDT_i5_161.Thau_2018_3","Données valides","2020-01-30","76 803 224","23 194 573 648","318","35","5,022","NS.1258.004.IDT_i7_161---IDT_i5_161.Thau_2018_3","HaploFit","Thau20183_MPS12344760_F05","","FASTQ",""
"Thau_2018_1","Thau_2018_1","Thau_2018_1","","","","","MPS12344760-E05","MPS12344760-E05","PAIRED_END","","SCI027647; SCI027646","","","gDNA","Shotgun (PCR free)","Illumina NovaSeq 6000 S4 PE150","225","IDT_i7_149-IDT_i5_149","IDT dual-index","AGATCGGAAGAGCACACGTCTGAACTCCAGTCAC","AGATCGGAAGAGCGTCGTGTAGGGAAAGAGTGT","","1258","33","4","4","","","2020-01-24","NS.1258.004.IDT_i7_149---IDT_i5_149.Thau_2018_1","Données valides","2020-01-30","60 832 753","18 371 491 406","318","35","4,720","NS.1258.004.IDT_i7_149---IDT_i5_149.Thau_2018_1","HaploFit","Thau20181_MPS12344760_E05","","FASTQ",""
"Brest_2018_10","Brest_2018_10","Brest_2018_10","","","","","MPS12344760-D05","MPS12344760-D05","PAIRED_END","","SCI027647; SCI027646","","","gDNA","Shotgun (PCR free)","Illumina NovaSeq 6000 S4 PE150","225","IDT_i7_137-IDT_i5_137","IDT dual-index","AGATCGGAAGAGCACACGTCTGAACTCCAGTCAC","AGATCGGAAGAGCGTCGTGTAGGGAAAGAGTGT","","1258","33","4","4","","","2020-01-24","NS.1258.004.IDT_i7_137---IDT_i5_137.Brest_2018_10","Données valides","2020-01-30","86 959 120","26 261 654 240","318","35","4,396","NS.1258.004.IDT_i7_137---IDT_i5_137.Brest_2018_10","HaploFit","Brest201810_MPS12344760_D05","","FASTQ",""
"Brest_2018_9","Brest_2018_9","Brest_2018_9","","","","","MPS12344760-C05","MPS12344760-C05","PAIRED_END","","SCI027647; SCI027646","","","gDNA","Shotgun (PCR free)","Illumina NovaSeq 6000 S4 PE150","225","IDT_i7_125-IDT_i5_125","IDT dual-index","AGATCGGAAGAGCACACGTCTGAACTCCAGTCAC","AGATCGGAAGAGCGTCGTGTAGGGAAAGAGTGT","","1258","33","4","4","","","2020-01-24","NS.1258.004.IDT_i7_125---IDT_i5_125.Brest_2018_9","Données valides","2020-01-30","54 808 191","16 552 073 682","318","35","4,599","NS.1258.004.IDT_i7_125---IDT_i5_125.Brest_2018_9","HaploFit","Brest20189_MPS12344760_C05","","FASTQ",""
"Brest_2018_4","Brest_2018_4","Brest_2018_4","","","","","MPS12344760-B05","MPS12344760-B05","PAIRED_END","","SCI027647; SCI027646","","","gDNA","Shotgun (PCR free)","Illumina NovaSeq 6000 S4 PE150","225","IDT_i7_113-IDT_i5_113","IDT dual-index","AGATCGGAAGAGCACACGTCTGAACTCCAGTCAC","AGATCGGAAGAGCGTCGTGTAGGGAAAGAGTGT","","1258","33","4","4","","","2020-01-24","NS.1258.004.IDT_i7_113---IDT_i5_113.Brest_2018_4","Données valides","2020-01-30","91 076 828","27 505 202 056","318","35","5,244","NS.1258.004.IDT_i7_113---IDT_i5_113.Brest_2018_4","HaploFit","Brest20184_MPS12344760_B05","","FASTQ",""
"Brest_2018_2","Brest_2018_2","Brest_2018_2","","","","","MPS12344760-A05","MPS12344760-A05","PAIRED_END","","SCI027647; SCI027646","","","gDNA","Shotgun (PCR free)","Illumina NovaSeq 6000 S4 PE150","225","IDT_i7_101-IDT_i5_101","IDT dual-index","AGATCGGAAGAGCACACGTCTGAACTCCAGTCAC","AGATCGGAAGAGCGTCGTGTAGGGAAAGAGTGT","","1258","33","4","4","","","2020-01-24","NS.1258.004.IDT_i7_101---IDT_i5_101.Brest_2018_2","Données valides","2020-01-30","67 900 923","20 506 078 746","318","35","4,491","NS.1258.004.IDT_i7_101---IDT_i5_101.Brest_2018_2","HaploFit","Brest20182_MPS12344760_A05","","FASTQ",""
